id,dept,body
r01,facilities,The parking permit went up again this year and nobody explained why.
r02,research,I spend fifteen minutes every morning circling for a spot near the building.
r03,admin,The staff at the front desk were helpful when my badge stopped working.
r04,research,"Our team keeps a parking lot of ideas on the whiteboard, which works well for planning."
r05,it,The garage is full by 8:30 so I end up walking in from the far side of campus.
r06,admin,Payroll questions take weeks to get answered.
r07,facilities,Parking enforcement ticketed me while I was unloading equipment.
r08,research,The shuttle from the remote lot is unreliable in the evenings.
r09,it,I love the new standing desks.
r10,admin,There is nowhere to leave a car close to the building if you arrive after nine.
r11,research,The lab freezers alarm constantly and facilities is slow to respond.
r12,facilities,We need more bike racks; people chain bikes to the railings.
r13,it,"When a meeting runs long, the chair says to put it in the parking lot and we never return to it."
r14,admin,The parking permit portal logged me out three times before I could pay.
r15,research,My commute doubled after the construction closed the east entrance.
r16,it,Onboarding was smooth and my laptop was ready on day one.
r17,admin,I would come in more often if I could reliably find somewhere to put my car.
r18,facilities,The loading dock is blocked by delivery vans most afternoons.
r19,research,The seminar room projector has been broken since spring.
r20,it,Remote work days make the week manageable.
r21,admin,Visitors complain that they cannot find parking for interviews.
r22,research,I leave by four so I am not stuck in the traffic jam at the exit gate.
r23,facilities,The cafeteria closes before the evening shift gets a break.
r24,it,"Accessible parking spaces are often taken by service vehicles, which is a real problem for me."
r25,admin,The new expense system is confusing but support was patient.
r26,research,Grant reporting deadlines keep sneaking up on us.
r27,facilities,Snow removal in the lots is slow so the first rows are unusable in winter.
r28,it,I get to work at seven just to be sure I have a place to park.
r29,admin,My manager gives clear feedback and I appreciate it.
r30,research,The building is freezing in the summer because of the air conditioning.
